{
  "project_info": {
    "project_number": "367705644336",
    "project_id": "getx-flutter-login",
    "storage_bucket": "getx-flutter-login.appspot.com"
  },
  "client": [
    {
      "client_info": {
        "mobilesdk_app_id": "1:367705644336:android:c6388001d4d3c012b6fcf5",
        "android_client_info": {
          "package_name": "com.example.acropolis"
        }
      },
      "oauth_client": [
        {
          "client_id": "367705644336-sec1rvba3letggj2drdprdke09jep29d.apps.googleusercontent.com",
          "client_type": 3
        }
      ],
      "api_key": [
        {
          "current_key": "AIzaSyBH7V6Q0cfT0oeFINOQisKgJqPlM8z95KM"
        }
      ],
      "services": {
        "appinvite_service": {
          "other_platform_oauth_client": [
            {
              "client_id": "367705644336-sec1rvba3letggj2drdprdke09jep29d.apps.googleusercontent.com",
              "client_type": 3
            }
          ]
        }
      }
    }
  ],
  "configuration_version": "1"
}